season,model,rmse,mae,bias,correlation,sample_count
Winter,ecmwf_ifs,1.1899,0.9118,0.1211,0.9792,4608
Winter,ecmwf_aifs,1.935,1.4976,0.413,0.9469,4608
Winter,ncep_gfs,2.7593,2.1512,1.8439,0.9354,4608
Winter,dwd_icon,2.7927,1.9561,0.8621,0.8957,4608
Winter,equal_blend,1.5246,1.1794,0.8101,0.9749,4608
Winter,inv_rmse_blend,1.2912,0.9863,0.5057,0.9785,4608
Winter,varuna_blend,0.9342,0.7066,0.2498,0.9877,4608
Pre-Monsoon,ecmwf_ifs,1.1242,0.8466,0.0838,0.9755,3186
Pre-Monsoon,ecmwf_aifs,1.9957,1.4287,0.5903,0.9273,3186
Pre-Monsoon,ncep_gfs,2.3408,1.8604,1.5112,0.9374,3186
Pre-Monsoon,dwd_icon,2.2472,1.7133,0.0012,0.8955,3186
Pre-Monsoon,equal_blend,1.3608,1.0003,0.5466,0.9707,3186
Pre-Monsoon,inv_rmse_blend,1.2526,0.9057,0.3485,0.9722,3186
Pre-Monsoon,varuna_blend,0.9932,0.7483,0.1827,0.9812,3186
Monsoon,ecmwf_ifs,1.5401,0.9985,0.1578,0.9565,8640
Monsoon,ecmwf_aifs,1.7002,1.3402,0.8443,0.9655,8640
Monsoon,ncep_gfs,3.2482,2.1278,1.3232,0.8947,8640
Monsoon,dwd_icon,1.6012,1.1942,0.0851,0.9496,8640
Monsoon,equal_blend,1.525,1.0755,0.6026,0.9621,8640
Monsoon,inv_rmse_blend,1.3541,0.9476,0.4467,0.9681,8640
Monsoon,varuna_blend,1.1373,0.7769,0.1525,0.9753,8640
Post-Monsoon,ecmwf_ifs,1.0551,0.799,-0.2489,0.9765,4608
Post-Monsoon,ecmwf_aifs,1.6206,1.2326,0.8265,0.9719,4608
Post-Monsoon,ncep_gfs,2.2728,1.6664,0.9731,0.9341,4608
Post-Monsoon,dwd_icon,1.2772,0.9937,0.3553,0.966,4608
Post-Monsoon,equal_blend,1.1101,0.849,0.4765,0.9776,4608
Post-Monsoon,inv_rmse_blend,0.9777,0.7673,0.2726,0.9818,4608
Post-Monsoon,varuna_blend,0.8616,0.6488,0.1132,0.9838,4608
