lead_time_hours,model,rmse,mae,bias,correlation,sample_count
24,ecmwf_ifs,1.1272,0.7986,-0.0455,0.9845,5154
24,ecmwf_aifs,1.7262,1.3256,0.8254,0.9718,5154
24,ncep_gfs,2.6345,1.845,1.3347,0.9451,5154
24,dwd_icon,1.8471,1.295,0.2897,0.9586,5154
24,equal_blend,1.3136,0.9458,0.6011,0.9833,5154
24,inv_rmse_blend,1.1373,0.8154,0.3881,0.9861,5154
24,varuna_blend,0.9274,0.6512,0.1706,0.9898,5154
48,ecmwf_ifs,1.2456,0.8793,-0.0138,0.9806,5616
48,ecmwf_aifs,1.7648,1.3414,0.7043,0.9669,5616
48,ncep_gfs,2.7363,1.9459,1.3593,0.9357,5616
48,dwd_icon,1.9446,1.3807,0.2866,0.9525,5616
48,equal_blend,1.3666,1.0041,0.5841,0.9808,5616
48,inv_rmse_blend,1.2073,0.8838,0.3716,0.9835,5616
48,varuna_blend,0.9757,0.7076,0.1483,0.9883,5616
72,ecmwf_ifs,1.3247,0.9275,0.0897,0.9789,5154
72,ecmwf_aifs,1.7398,1.3378,0.618,0.9678,5154
72,ncep_gfs,2.9559,2.0995,1.4099,0.9236,5154
72,dwd_icon,1.9621,1.3842,0.302,0.9532,5154
72,equal_blend,1.4573,1.0744,0.6049,0.9785,5154
72,inv_rmse_blend,1.2673,0.93,0.4028,0.9824,5154
72,varuna_blend,1.026,0.7424,0.1579,0.9874,5154
120,ecmwf_ifs,1.5228,1.0499,0.1743,0.9728,5118
120,ecmwf_aifs,1.9048,1.456,0.6824,0.9613,5118
120,ncep_gfs,2.9537,2.0799,1.4555,0.9258,5118
120,dwd_icon,2.1212,1.5253,0.3301,0.9454,5118
120,equal_blend,1.5347,1.1284,0.6605,0.9766,5118
120,inv_rmse_blend,1.3836,1.015,0.4677,0.9794,5118
120,varuna_blend,1.1318,0.8178,0.2044,0.9849,5118
