region_id,model,rmse,mae,bias,correlation,sample_count
delhi_ncr,ecmwf_ifs,1.5911,1.1366,0.0333,0.982,3507
delhi_ncr,ecmwf_aifs,1.7078,1.2737,0.0555,0.9809,3507
delhi_ncr,ncep_gfs,5.4698,4.8147,4.6724,0.9427,3507
delhi_ncr,dwd_icon,1.9495,1.5336,0.1801,0.973,3507
delhi_ncr,equal_blend,1.9907,1.5487,1.2354,0.9825,3507
delhi_ncr,inv_rmse_blend,1.5117,1.1196,0.5297,0.9857,3507
delhi_ncr,varuna_blend,1.271,0.932,0.2783,0.9891,3507
mumbai_coastal,ecmwf_ifs,0.9941,0.7275,0.0672,0.939,3507
mumbai_coastal,ecmwf_aifs,1.2374,0.9445,0.7115,0.9273,3507
mumbai_coastal,ncep_gfs,2.1961,1.865,1.7265,0.8607,3507
mumbai_coastal,dwd_icon,1.9886,1.468,0.3786,0.6735,3507
mumbai_coastal,equal_blend,1.1588,0.9322,0.7209,0.944,3507
mumbai_coastal,inv_rmse_blend,0.9249,0.7129,0.4634,0.9537,3507
mumbai_coastal,varuna_blend,0.832,0.6387,0.3683,0.9602,3507
western_ghats,ecmwf_ifs,0.9813,0.7448,0.5138,0.972,3507
western_ghats,ecmwf_aifs,2.9419,2.6116,2.5678,0.9212,3507
western_ghats,ncep_gfs,1.3662,1.0347,0.1698,0.9614,3507
western_ghats,dwd_icon,3.1118,2.2739,2.1887,0.8633,3507
western_ghats,equal_blend,1.7173,1.3938,1.3601,0.9627,3507
western_ghats,inv_rmse_blend,1.6231,1.3675,1.3356,0.968,3507
western_ghats,varuna_blend,0.9402,0.6871,0.5246,0.9776,3507
odisha_coast,ecmwf_ifs,1.2076,0.8557,-0.2108,0.9741,3507
odisha_coast,ecmwf_aifs,1.2985,1.0346,0.3593,0.9684,3507
odisha_coast,ncep_gfs,2.1038,1.5392,0.3388,0.913,3507
odisha_coast,dwd_icon,1.425,1.0544,-0.1628,0.9607,3507
odisha_coast,equal_blend,1.1274,0.7914,0.0811,0.9743,3507
odisha_coast,inv_rmse_blend,1.0257,0.721,0.0069,0.9788,3507
odisha_coast,varuna_blend,0.983,0.6936,-0.0377,0.9805,3507
bengaluru_deccan,ecmwf_ifs,1.1236,0.8476,-0.2683,0.9705,3507
bengaluru_deccan,ecmwf_aifs,1.3192,1.0699,0.7357,0.9693,3507
bengaluru_deccan,ncep_gfs,1.5125,1.2035,0.6603,0.9537,3507
bengaluru_deccan,dwd_icon,1.162,0.8842,-0.4572,0.9717,3507
bengaluru_deccan,equal_blend,0.8163,0.6039,0.1676,0.9832,3507
bengaluru_deccan,inv_rmse_blend,0.789,0.5811,0.0618,0.9837,3507
bengaluru_deccan,varuna_blend,0.7691,0.5587,-0.0718,0.9846,3507
rajasthan_thar,ecmwf_ifs,1.7639,1.1648,0.1618,0.9748,3507
rajasthan_thar,ecmwf_aifs,1.6065,1.2529,-0.1848,0.9761,3507
rajasthan_thar,ncep_gfs,2.1075,1.4912,0.7664,0.9637,3507
rajasthan_thar,dwd_icon,1.5732,1.1603,-0.3169,0.978,3507
rajasthan_thar,equal_blend,1.3758,0.9536,0.1066,0.9825,3507
rajasthan_thar,inv_rmse_blend,1.3927,0.9593,0.0426,0.9823,3507
rajasthan_thar,varuna_blend,1.194,0.8448,-0.0865,0.9868,3507
