region_id,season,valid_time,lead_time_hours,regime,ifs_weight,aifs_weight,gfs_weight,icon_weight,sum_check
delhi_ncr,Winter,2026-01-10T00:00,24,Western Disturbance / Upper Trough,49,41,0,10,100
delhi_ncr,Winter,2026-01-10T06:00,48,Western Disturbance / Upper Trough,55,14,2,29,100
delhi_ncr,Winter,2026-01-10T12:00,72,Western Disturbance / Upper Trough,43,17,3,37,100
delhi_ncr,Winter,2026-01-10T18:00,120,Western Disturbance / Upper Trough,21,61,4,14,100
delhi_ncr,Winter,2026-01-11T01:00,24,Western Disturbance / Upper Trough,69,15,1,15,100
delhi_ncr,Winter,2026-01-11T07:00,48,Western Disturbance / Upper Trough,58,11,2,29,100
delhi_ncr,Winter,2026-01-11T13:00,72,Western Disturbance / Upper Trough,49,17,1,33,100
delhi_ncr,Winter,2026-01-11T19:00,120,Western Disturbance / Upper Trough,39,38,1,22,100
delhi_ncr,Winter,2026-01-12T02:00,24,Western Disturbance / Upper Trough,68,9,1,22,100
delhi_ncr,Winter,2026-01-12T08:00,48,Western Disturbance / Upper Trough,54,10,2,34,100
delhi_ncr,Winter,2026-01-12T14:00,72,Western Disturbance / Upper Trough,47,18,1,34,100
delhi_ncr,Winter,2026-01-12T20:00,120,Western Disturbance / Upper Trough,52,24,2,22,100
delhi_ncr,Winter,2026-01-13T03:00,24,Western Disturbance / Upper Trough,69,7,1,23,100
delhi_ncr,Winter,2026-01-13T09:00,48,Western Disturbance / Upper Trough,46,10,3,41,100
delhi_ncr,Winter,2026-01-13T15:00,72,Western Disturbance / Upper Trough,42,19,1,38,100
delhi_ncr,Winter,2026-01-13T21:00,120,Western Disturbance / Upper Trough,43,28,1,28,100
delhi_ncr,Winter,2026-01-14T04:00,24,Western Disturbance / Upper Trough,60,11,1,28,100
delhi_ncr,Winter,2026-01-14T10:00,48,Western Disturbance / Upper Trough,44,7,1,48,100
delhi_ncr,Winter,2026-01-14T16:00,72,Western Disturbance / Upper Trough,40,19,1,40,100
delhi_ncr,Winter,2026-01-14T22:00,120,Western Disturbance / Upper Trough,48,16,1,35,100
delhi_ncr,Winter,2026-01-15T05:00,24,Western Disturbance / Upper Trough,60,8,1,31,100
delhi_ncr,Winter,2026-01-15T11:00,48,Western Disturbance / Upper Trough,45,3,1,51,100
delhi_ncr,Winter,2026-01-15T17:00,72,Western Disturbance / Upper Trough,43,11,1,45,100
delhi_ncr,Winter,2026-01-15T23:00,120,Western Disturbance / Upper Trough,47,18,1,34,100
delhi_ncr,Winter,2026-01-16T06:00,24,Western Disturbance / Upper Trough,63,8,2,27,100
